datetime,price,xgb_prob,rf_prob,online_prob,ensemble_xgb_rf,ensemble_all,xgb_version,rf_version,online_version,regime,rsi14,adx,atr_pct,xgb_gate_pass,rule_score,rule_score_pass,e2_blocked,would_enter,actual_result,actual_return,mfe_8bar,mae_8bar,actual_return_16bar,main_pf_holdout,main_pf_oos_100,shadow_xgb_tb3_prob,shadow_xgb_tb3_label,shadow_xgb_tb3_version,main_signal,shadow_xgb_tb3_signal,ret_4bar,ret_8bar,ret_16bar,dynamic_th,gate_path,would_enter_reason
2026-04-17 13:00,110507000.0,0.4029,0.4438,0.5655,0.4234,0.4707,2026-04-15T07:12:34.646537+09:00,2026-04-17T15:16:08.532521+09:00,2026-04-17T15:16:09.917397+09:00,Trend_Up,61.06,37.65,43.0,False,,,True,,1.0,1.7465,3.9672,0.3538,-0.4407,,,,1.0,,,,3.0659,1.7465,1.0796,,,
2026-04-17 17:00,110920000.0,0.4029,0.4825,0.5731,0.4427,0.4862,2026-04-15T07:12:34.646537+09:00,2026-04-17T15:16:08.532521+09:00,2026-04-17T15:16:09.917397+09:00,Trend_Up,66.48,37.86,52.0,False,,,True,,1.0,1.7084,3.5801,0.8321,-0.0703,,,,1.0,,,,2.5072,1.7084,-0.8294,,,
2026-04-17 21:00,111885000.0,0.5211,0.6373,0.5352,0.5792,0.5645,2026-04-15T07:12:34.646537+09:00,2026-04-17T15:16:08.532521+09:00,2026-04-17T15:16:09.917397+09:00,Trend_Up,75.25,38.96,84.0,False,,,True,,0.0,0.1957,2.6867,0.1028,-0.6051,,,,1.0,,,,1.691,0.1957,-0.9697,,,
2026-04-18 01:00,114262000.0,0.6186,0.5377,0.5506,0.5782,0.569,2026-04-15T07:12:34.646537+09:00,2026-04-17T15:16:08.532521+09:00,2026-04-17T15:16:09.917397+09:00,Trend_Up,72.38,40.15,91.0,True,,,True,,0.0,-1.6182,0.1199,-2.0672,-2.2947,,,,0.0,,,,-0.3807,-1.6182,-2.5888,,,
2026-04-18 05:00,113895000.0,0.6186,0.6204,0.6832,0.6195,0.6407,2026-04-15T07:12:34.646537+09:00,2026-04-17T15:16:08.532521+09:00,2026-04-17T15:16:09.917397+09:00,Trend_Up,71.37,41.26,75.0,True,,,True,,0.0,-1.6182,0.4425,-2.1028,-1.6155,,,,0.0,,,,-1.2801,-1.6182,-2.0255,,,
2026-04-18 09:00,113701000.0,0.4867,0.5971,0.4971,0.5419,0.527,2026-04-18T05:01:12.499449+09:00,2026-04-18T05:01:43.055442+09:00,2026-04-17T15:16:09.917397+09:00,Trend_Up,71.47,42.42,64.0,False,,,True,,0.0,-1.6209,0.3861,-2.1117,-0.7828,,,,0.0,,,,-0.7792,-1.6209,-1.4485,,,
2026-04-18 13:00,113777000.0,0.4867,0.6151,0.4131,0.5509,0.505,2026-04-18T05:01:12.499449+09:00,2026-04-18T05:01:43.055442+09:00,2026-04-17T15:16:09.917397+09:00,Trend_Up,71.58,43.42,52.0,False,,,True,,0.0,-1.2129,0.1116,-2.1771,-1.1619,,,,0.0,,,,-1.4704,-1.2129,-0.8508,,,
2026-04-18 17:00,113827000.0,0.4597,0.6729,0.4579,0.5663,0.5302,2026-04-18T05:01:12.499449+09:00,2026-04-18T05:01:43.055442+09:00,2026-04-17T15:16:09.917397+09:00,Trend_Up,58.68,41.95,66.0,False,,,True,,0.0,-0.9541,-0.463,-2.2868,-1.5849,,,,0.0,,,,-1.2422,-0.9541,-1.2422,,,
2026-04-18 21:00,112437000.0,0.4294,0.488,0.4831,0.4587,0.4668,2026-04-18T05:01:12.499449+09:00,2026-04-18T05:01:43.055442+09:00,2026-04-17T15:16:09.917397+09:00,Trend_Up,60.89,40.59,60.0,False,,,True,,0.0,-0.6555,0.7675,-2.1648,0.1192,,,,0.0,,,,-0.3424,-0.6555,-0.3228,,,
2026-04-19 01:00,112815000.0,0.5847,0.5004,0.5031,0.5426,0.5294,2026-04-18T05:01:12.499449+09:00,2026-04-18T05:01:43.055442+09:00,2026-04-17T15:16:09.917397+09:00,Trend_Up,56.15,39.03,53.0,True,,,True,,0.0,-2.4952,0.4299,-2.4952,0.1791,,,,0.0,,,,-0.8483,-2.4952,-0.2438,,,
2026-04-19 05:00,112104000.0,0.6584,0.4307,0.4654,0.5446,0.5182,2026-04-18T05:01:12.499449+09:00,2026-04-18T05:01:43.055442+09:00,2026-04-17T15:16:09.917397+09:00,Trend_Up,57.13,37.58,43.0,True,,,True,,0.0,-1.1632,1.0669,-1.8768,0.2194,,,,0.0,,,,0.2614,-1.1632,0.8421,,,
2026-04-19 09:00,112413000.0,0.5567,0.4186,0.594,0.4877,0.5231,2026-04-18T05:01:12.499449+09:00,2026-04-18T05:01:43.055442+09:00,2026-04-17T15:16:09.917397+09:00,Trend_Up,54.61,36.02,39.0,False,,,True,,0.0,-0.9865,0.7891,-2.1465,-0.4715,,,,0.0,,,,0.2918,-0.9865,0.048,,,
2026-04-19 13:00,112052000.0,0.5298,0.4114,0.7155,0.4706,0.5522,2026-04-18T05:01:12.499449+09:00,2026-04-18T05:01:43.055442+09:00,2026-04-17T15:16:09.917397+09:00,Trend_Up,53.34,34.02,37.0,False,,,True,,0.0,-0.4141,1.1138,-1.8313,0.8898,,,,0.0,,,,-0.3141,-0.4141,-0.2561,,,
2026-04-19 17:00,111858000.0,0.4283,0.3913,0.6661,0.4098,0.4952,2026-04-18T05:01:12.499449+09:00,2026-04-18T05:01:43.055442+09:00,2026-04-17T15:16:09.917397+09:00,Trend_Up,56.74,31.9,38.0,False,,,True,,0.0,0.1752,1.2891,-1.661,2.5443,,,,0.0,,,,-1.661,0.1752,1.0701,,,
2026-04-19 21:00,112397000.0,0.2953,0.3908,0.6623,0.343,0.4494,2026-04-18T05:01:12.499449+09:00,2026-04-18T05:01:43.055442+09:00,2026-04-17T15:16:09.917397+09:00,Trend_Up,58.36,30.91,39.0,False,,,True,,0.0,0.3666,0.7144,-2.1326,2.4511,,,,0.0,,,,-1.4209,0.3666,2.0588,,,
2026-04-20 01:00,112741000.0,0.2774,0.4301,0.5655,0.3538,0.4243,2026-04-18T05:01:12.499449+09:00,2026-04-18T05:01:43.055442+09:00,2026-04-17T15:16:09.917397+09:00,Trend_Up,50.59,28.79,46.0,False,,,True,,0.0,-0.2909,0.4071,-2.4312,2.6814,,,,0.0,,,,-1.2746,-0.2909,2.1385,,,
2026-04-20 05:00,111700000.0,0.2035,0.3704,0.4259,0.287,0.3333,2026-04-18T05:01:12.499449+09:00,2026-04-18T05:01:43.055442+09:00,2026-04-17T15:16:09.917397+09:00,Trend_Down,40.31,27.81,58.0,False,,,True,,0.0,0.3348,1.3429,-1.5219,4.9248,,,,0.0,,,,-0.1003,0.3348,3.6437,,,
2026-04-20 09:00,110000000.0,0.3093,0.4324,0.2971,0.3708,0.3463,2026-04-20T05:45:20.756449+09:00,2026-04-20T05:45:38.408375+09:00,2026-04-17T15:16:09.917397+09:00,Trend_Down,46.08,26.9,60.0,False,,,True,,1.0,2.3091,3.1818,0.1964,6.08,,,,1.0,,,,1.8673,2.3091,6.5964,,,
2026-04-20 13:00,110800000.0,0.5295,0.5474,0.4898,0.5385,0.5223,2026-04-20T05:45:20.756449+09:00,2026-04-20T05:45:38.408375+09:00,2026-04-17T15:16:09.917397+09:00,Trend_Down,48.47,25.14,77.0,False,,,True,,1.0,2.0289,2.4368,0.0298,4.6038,,,,1.0,,,,1.8132,2.0289,5.3023,,,
2026-04-20 17:00,111304000.0,0.2347,0.5752,0.503,0.4049,0.4376,2026-04-20T05:45:20.756449+09:00,2026-04-20T05:45:38.408375+09:00,2026-04-17T15:16:09.917397+09:00,Trend_Down,51.22,23.51,68.0,False,,,True,,0.0,1.0449,1.973,-0.4232,3.7591,,,,1.0,,,,0.9964,1.0449,4.2308,,,
2026-04-20 21:00,111588000.0,0.2768,0.5787,0.5167,0.4277,0.4574,2026-04-20T05:45:20.756449+09:00,2026-04-20T05:45:38.408375+09:00,2026-04-17T15:16:09.917397+09:00,Range,53.77,22.01,73.0,False,,,True,,0.0,0.1586,1.7134,-0.1237,3.9485,,,,1.0,,,,0.4355,0.1586,3.4923,,,
2026-04-21 01:00,112054000.0,0.5384,0.5908,0.6599,0.5646,0.5963,2026-04-20T05:45:20.756449+09:00,2026-04-20T05:45:38.408375+09:00,2026-04-17T15:16:09.917397+09:00,Range,58.07,21.47,81.0,False,,,True,,0.0,0.8933,2.4863,-0.539,3.1164,,,,1.0,,,,0.4337,0.8933,3.5171,,,
2026-04-21 05:00,112809000.0,0.5873,0.5575,0.5599,0.5724,0.5682,2026-04-20T05:45:20.756449+09:00,2026-04-20T05:45:38.408375+09:00,2026-04-17T15:16:09.917397+09:00,Range,55.45,21.09,79.0,True,,,True,,1.0,1.686,2.6753,-1.2047,3.1664,,,,1.0,,,,0.2119,1.686,2.436,,,
2026-04-21 09:00,112413000.0,0.4848,0.5181,0.654,0.5015,0.5523,2026-04-20T05:45:20.756449+09:00,2026-04-20T05:45:38.408375+09:00,2026-04-17T15:16:09.917397+09:00,Range,52.37,20.32,78.0,False,,,True,,1.0,2.4366,3.037,-0.8567,2.9658,,,,1.0,,,,0.048,2.4366,3.5298,,,
2026-04-21 13:00,112074000.0,0.6922,0.5101,0.4094,0.6011,0.5372,2026-04-20T05:45:20.756449+09:00,2026-04-20T05:45:38.408375+09:00,2026-04-17T15:16:09.917397+09:00,Range,55.73,19.61,66.0,True,,,True,,1.0,3.2978,4.671,-0.5568,3.8858,,,,1.0,,,,-0.2757,3.2978,3.1818,,,
2026-04-21 17:00,112540000.0,0.5979,0.519,0.5817,0.5585,0.5662,2026-04-20T05:45:20.756449+09:00,2026-04-20T05:45:38.408375+09:00,2026-04-17T15:16:09.917397+09:00,Range,58.31,19.68,62.0,True,,,True,,1.0,4.1905,4.3816,-0.9685,2.9865,,,,1.0,,,,0.4576,4.1905,3.4565,,,
2026-04-21 21:00,113048000.0,0.5232,0.5788,0.3811,0.551,0.4944,2026-04-20T05:45:20.756449+09:00,2026-04-20T05:45:38.408375+09:00,2026-04-17T15:16:09.917397+09:00,Range,53.31,19.0,63.0,False,,,True,,1.0,3.2084,3.9125,-1.4136,2.3707,,,,0.0,,,,1.4711,3.2084,2.5423,,,
2026-04-22 01:00,112467000.0,0.6216,0.5103,0.4143,0.5659,0.5154,2026-04-20T05:45:20.756449+09:00,2026-04-20T05:45:38.408375+09:00,2026-04-17T15:16:09.917397+09:00,Range,50.07,17.76,70.0,True,,,True,,1.0,3.1529,4.4493,-0.6553,3.3983,,,,1.0,,,,2.3874,3.1529,2.8995,,,
2026-04-22 05:00,111765000.0,0.585,0.4875,0.5252,0.5363,0.5326,2026-04-20T05:45:20.756449+09:00,2026-04-20T05:45:38.408375+09:00,2026-04-17T15:16:09.917397+09:00,Range,57.08,16.97,78.0,True,,,True,,1.0,3.3284,5.1054,0.9073,3.8474,,,,1.0,,,,3.5834,3.3284,4.0585,,,
2026-04-22 09:00,113055000.0,0.6174,0.5507,0.4219,0.584,0.53,2026-04-20T05:45:20.756449+09:00,2026-04-20T05:45:38.408375+09:00,2026-04-17T15:16:09.917397+09:00,Range,64.67,17.69,92.0,True,,,True,,1.0,2.6005,3.9061,1.1897,2.237,,,,1.0,,,,3.7159,2.6005,2.6085,,,
2026-04-22 13:00,114711000.0,0.5426,0.6083,0.5002,0.5754,0.5503,2026-04-20T05:45:20.756449+09:00,2026-04-20T05:45:38.408375+09:00,2026-04-17T15:16:09.917397+09:00,Volatile,66.4,19.01,96.0,False,,,True,,0.0,0.7375,2.406,0.1377,0.6556,,,,1.0,,,,1.7121,0.7375,0.7576,,,
2026-04-22 17:00,115152000.0,0.5379,0.7356,0.386,0.6367,0.5532,2026-04-20T05:45:20.756449+09:00,2026-04-20T05:45:38.408375+09:00,2026-04-17T15:16:09.917397+09:00,Range,68.66,20.23,85.0,False,,,True,,0.0,1.0673,2.0139,-0.3491,0.3613,,,,1.0,,,,0.7477,1.0673,0.2249,,,
2026-04-22 21:00,115770000.0,0.6662,0.7047,0.5499,0.6855,0.6403,2026-04-20T05:45:20.756449+09:00,2026-04-20T05:45:38.408375+09:00,2026-04-17T15:16:09.917397+09:00,Range,73.21,22.18,94.0,True,,,True,,0.0,-0.1123,1.4693,-0.8811,-0.2894,,,,0.0,,,,-0.2462,-0.1123,-0.1753,,,
2026-04-23 01:00,117256000.0,0.6352,0.4609,0.4374,0.5481,0.5112,2026-04-20T05:45:20.756449+09:00,2026-04-20T05:45:38.408375+09:00,2026-04-17T15:16:09.917397+09:00,Range,69.34,24.07,89.0,True,,,True,,0.0,-0.7044,-0.3522,-2.1372,-1.2315,,,,0.0,,,,-1.0754,-0.7044,-1.5658,,,
2026-04-23 05:00,116675000.0,0.604,0.6306,0.3596,0.6173,0.5314,2026-04-20T05:45:20.756449+09:00,2026-04-20T05:45:38.408375+09:00,2026-04-17T15:16:09.917397+09:00,Range,63.76,25.21,80.0,True,,,True,,0.0,-0.6454,0.144,-1.6499,-1.0971,,,,0.0,,,,-0.9582,-0.6454,-0.7388,,,
2026-04-23 09:00,116013000.0,0.6039,0.665,0.4011,0.6345,0.5567,2026-04-20T05:45:20.756449+09:00,2026-04-20T05:45:38.408375+09:00,2026-04-17T15:16:09.917397+09:00,Range,60.99,25.42,84.0,True,,,True,,0.0,-0.2457,0.7154,-1.0887,-0.5706,,,,0.0,,,,0.3172,-0.2457,-0.506,,,
2026-04-23 13:00,115485000.0,0.5076,0.5436,0.4009,0.5256,0.484,2026-04-20T05:45:20.756449+09:00,2026-04-20T05:45:38.408375+09:00,2026-04-17T15:16:09.917397+09:00,Range,63.11,25.61,74.0,False,,,True,,0.0,0.7066,1.1759,-0.6364,0.1827,,,,0.0,,,,0.1342,0.7066,-0.1385,,,
2026-04-23 17:00,115995000.0,0.4374,0.5499,0.65,0.4936,0.5457,2026-04-20T05:45:20.756449+09:00,2026-04-20T05:45:38.408375+09:00,2026-04-17T15:16:09.917397+09:00,Range,60.01,25.13,77.0,False,,,True,,0.0,0.0078,0.7311,-1.0733,-0.5431,,,,0.0,,,,0.375,0.0078,-0.3052,,,
2026-04-23 21:00,115557000.0,0.564,0.5369,0.5185,0.5505,0.5398,2026-04-20T05:45:20.756449+09:00,2026-04-20T05:45:38.408375+09:00,2026-04-17T15:16:09.917397+09:00,Range,63.6,25.16,86.0,True,,,True,,0.0,0.0199,1.1129,-0.6984,0.4647,,,,0.0,,,,0.3159,0.0199,-0.1679,,,
2026-04-24 01:00,116381000.0,0.5165,0.5443,0.476,0.5304,0.5123,2026-04-20T05:45:20.756449+09:00,2026-04-20T05:45:38.408375+09:00,2026-04-17T15:16:09.917397+09:00,Volatile,59.25,24.7,96.0,False,,,True,,0.0,-0.8335,0.397,-1.0663,-0.2638,,,,0.0,,,,-0.5611,-0.8335,-0.2466,,,
2026-04-24 05:00,115640000.0,0.5266,0.5277,0.7597,0.5272,0.6047,2026-04-20T05:45:20.756449+09:00,2026-04-20T05:45:38.408375+09:00,2026-04-17T15:16:09.917397+09:00,Volatile,62.24,24.27,88.0,False,,,True,,0.0,-0.0631,1.0403,-0.4324,0.2655,,,,1.0,,,,0.5716,-0.0631,0.3606,,,
2026-04-24 09:00,116430000.0,0.4368,0.5788,0.4437,0.5078,0.4864,2026-04-20T05:45:20.756449+09:00,2026-04-20T05:45:38.408375+09:00,2026-04-17T15:16:09.917397+09:00,Volatile,58.65,24.15,83.0,False,,,True,,0.0,-0.8675,0.0919,-1.108,-0.3023,,,,0.0,,,,-0.3659,-0.8675,-0.4157,,,
2026-04-24 13:00,115922000.0,0.62,0.5298,0.499,0.5749,0.5496,2026-04-20T05:45:20.756449+09:00,2026-04-20T05:45:38.408375+09:00,2026-04-17T15:16:09.917397+09:00,Volatile,57.48,23.89,63.0,True,,,True,,0.0,-0.094,0.5305,-0.6746,0.6323,,,,1.0,,,,-0.295,-0.094,0.0845,,,
2026-04-24 17:00,115728000.0,0.3675,0.4832,0.485,0.4254,0.4453,2026-04-20T05:45:20.756449+09:00,2026-04-20T05:45:38.408375+09:00,2026-04-17T15:16:09.917397+09:00,Volatile,60.25,23.95,54.0,False,,,True,,0.0,-0.261,0.6991,-0.6273,1.1925,,,,1.0,,,,-0.2739,-0.261,0.9617,,,
2026-04-24 21:00,116301000.0,0.2376,0.503,0.4582,0.3703,0.3996,2026-04-20T05:45:20.756449+09:00,2026-04-20T05:45:38.408375+09:00,2026-04-17T15:16:09.917397+09:00,Volatile,58.61,24.04,43.0,False,,,True,,0.0,-0.8392,-0.1806,-1.1169,-0.6922,,,,1.0,,,,-0.6311,-0.8392,0.6947,,,
2026-04-25 01:00,116004000.0,0.3726,0.4697,0.4682,0.4211,0.4368,2026-04-20T05:45:20.756449+09:00,2026-04-20T05:45:38.408375+09:00,2026-04-17T15:16:09.917397+09:00,Volatile,55.13,23.39,35.0,False,,,True,,0.0,-0.3129,-0.0595,-0.8638,-0.2362,,,,0.0,,,,-0.5034,-0.3129,-0.4396,,,
2026-04-25 05:00,115580000.0,0.1949,0.4399,0.3703,0.3174,0.335,2026-04-20T05:45:20.756449+09:00,2026-04-20T05:45:38.408375+09:00,2026-04-17T15:16:09.917397+09:00,Range,54.26,22.66,25.0,False,,,True,,0.0,-0.1877,0.6134,-0.5001,-0.8548,,,,1.0,,,,0.2016,-0.1877,0.1298,,,
2026-04-25 09:00,115411000.0,0.5071,0.4626,0.3208,0.4849,0.4302,2026-04-20T05:45:20.756449+09:00,2026-04-20T05:45:38.408375+09:00,2026-04-17T15:16:09.917397+09:00,Range,54.93,22.04,14.0,False,,,True,,0.0,0.5918,0.7608,-0.3544,-0.6256,,,,0.0,,,,0.013,0.5918,-0.7365,,,
2026-04-25 13:00,115567000.0,0.3115,0.4595,0.2822,0.3855,0.3511,2026-04-20T05:45:20.756449+09:00,2026-04-20T05:45:38.408375+09:00,2026-04-17T15:16:09.917397+09:00,Range,53.86,21.47,8.0,False,,,True,,0.0,0.424,0.6247,-0.4889,-0.1982,,,,0.0,,,,-0.2094,0.424,-0.7476,,,
2026-04-25 17:00,115420000.0,0.6909,0.3455,0.254,0.5182,0.4301,2026-04-20T05:45:20.756449+09:00,2026-04-20T05:45:38.408375+09:00,2026-04-17T15:16:09.917397+09:00,Range,56.45,21.33,7.0,True,,,True,,0.0,0.4557,0.8387,-0.3622,-1.0475,,,,0.0,,,,0.1915,0.4557,-0.1482,,,
2026-04-25 21:00,115813000.0,0.6477,0.4085,0.2657,0.5281,0.4406,2026-04-20T05:45:20.756449+09:00,2026-04-20T05:45:38.408375+09:00,2026-04-17T15:16:09.917397+09:00,Range,52.91,21.2,5.0,True,,,True,,0.0,0.1787,1.1553,-0.7003,-1.4126,,,,0.0,,,,-0.3886,0.1787,-1.3833,,,
2026-04-26 01:00,115426000.0,0.8336,0.3675,0.3499,0.6005,0.517,2026-04-20T05:45:20.756449+09:00,2026-04-20T05:45:38.408375+09:00,2026-04-17T15:16:09.917397+09:00,Range,52.54,20.36,3.0,True,,,True,,1.0,1.2259,2.0013,-0.1828,-1.8696,,,,0.0,,,,0.5787,1.2259,-1.0821,,,
2026-04-26 05:00,115325000.0,0.6642,0.3591,0.3704,0.5117,0.4646,2026-04-20T05:45:20.756449+09:00,2026-04-20T05:45:38.408375+09:00,2026-04-17T15:16:09.917397+09:00,Range,55.21,19.79,1.0,True,,,True,,1.0,1.5469,2.0906,-0.0954,-1.8851,,,,0.0,,,,0.6347,1.5469,-1.7351,,,
2026-04-26 09:00,115641000.0,0.6259,0.3339,0.2383,0.4799,0.3994,2026-04-20T05:45:20.756449+09:00,2026-04-20T05:45:38.408375+09:00,2026-04-17T15:16:09.917397+09:00,Range,52.17,19.04,1.0,True,,,True,,0.0,-0.1271,1.8116,-0.3174,-1.9241,,,,0.0,,,,0.2637,-0.1271,-2.1454,,,
2026-04-26 13:00,115363000.0,0.8319,0.3302,0.3045,0.5811,0.4889,2026-04-20T05:45:20.756449+09:00,2026-04-20T05:45:38.408375+09:00,2026-04-17T15:16:09.917397+09:00,Range,57.69,19.14,2.0,True,,,True,,0.0,0.3181,2.057,-0.8538,-1.6695,,,,0.0,,,,0.5695,0.3181,-1.6747,,,
2026-04-26 17:00,116094000.0,0.589,0.5307,0.2812,0.5598,0.467,2026-04-20T05:45:20.756449+09:00,2026-04-20T05:45:38.408375+09:00,2026-04-17T15:16:09.917397+09:00,Range,57.5,19.23,1.0,True,,,True,,0.0,-1.3205,1.4144,-1.727,-1.4893,,,,0.0,,,,0.6434,-1.3205,-2.3851,,,
2026-04-26 21:00,116057000.0,0.5389,0.468,0.3194,0.5034,0.4421,2026-04-20T05:45:20.756449+09:00,2026-04-20T05:45:38.408375+09:00,2026-04-17T15:16:09.917397+09:00,Range,56.19,18.87,1.0,False,,,True,,0.0,-1.1667,1.4467,-1.6957,-1.47,,,,0.0,,,,0.9065,-1.1667,-1.457,,,
2026-04-27 01:00,115946000.0,0.524,0.3908,0.5132,0.4574,0.476,2026-04-20T05:45:20.756449+09:00,2026-04-20T05:45:38.408375+09:00,2026-04-17T15:16:09.917397+09:00,Range,57.27,18.99,1.0,False,,,True,,0.0,-0.6011,1.5438,-1.6352,-0.6736,,,,0.0,,,,-0.3898,-0.6011,-1.3765,,,
2026-04-27 05:00,116020000.0,0.5928,0.4354,0.523,0.5141,0.5171,2026-04-20T05:45:20.756449+09:00,2026-04-20T05:45:38.408375+09:00,2026-04-17T15:16:09.917397+09:00,Range,61.73,20.07,3.0,True,,,True,,0.0,-1.5592,1.4791,-2.1195,-1.6032,,,,0.0,,,,-0.25,-1.5592,-0.7395,,,
2026-04-27 09:00,116841000.0,0.5272,0.5872,0.3422,0.5572,0.4855,2026-04-20T05:45:20.756449+09:00,2026-04-20T05:45:38.408375+09:00,2026-04-17T15:16:09.917397+09:00,Range,64.84,21.67,6.0,False,,,True,,0.0,-2.28,0.2371,-3.1701,-3.0332,,,,0.0,,,,-1.9514,-2.28,-3.0332,,,
2026-04-27 13:00,117109000.0,0.5873,0.6609,0.275,0.6241,0.5077,2026-04-20T05:45:20.756449+09:00,2026-04-20T05:45:38.408375+09:00,2026-04-17T15:16:09.917397+09:00,Range,49.46,21.12,12.0,True,,,True,,0.0,-3.232,-0.7762,-3.8093,-3.2363,,,,0.0,,,,-2.0545,-3.232,-3.2363,,,
2026-04-27 17:00,115494000.0,0.6639,0.4795,0.4663,0.5717,0.5366,2026-04-20T05:45:20.756449+09:00,2026-04-20T05:45:38.408375+09:00,2026-04-17T15:16:09.917397+09:00,Range,51.26,20.61,10.0,True,,,True,,0.0,-2.0209,0.6113,-2.4642,-1.8079,,,,0.0,,,,-0.2121,-2.0209,-1.8079,,,
2026-04-27 21:00,115730000.0,0.6808,0.4692,0.3394,0.575,0.4965,2026-04-20T05:45:20.756449+09:00,2026-04-20T05:45:38.408375+09:00,2026-04-17T15:16:09.917397+09:00,Range,43.18,19.58,17.0,True,,,True,,0.0,-1.9865,-0.28,-2.6631,-2.0781,,,,0.0,,,,-1.3125,-1.9865,-2.0781,,,
2026-04-28 01:00,114561000.0,0.3647,0.5883,0.443,0.4765,0.4653,2026-04-20T05:45:20.756449+09:00,2026-04-20T05:45:38.408375+09:00,2026-04-17T15:16:09.917397+09:00,Range,43.99,18.96,16.0,False,,,True,,0.0,-1.0789,0.7376,-1.6699,-0.8921,,,,0.0,,,,-0.3352,-1.0789,-0.8921,,,
2026-04-28 05:00,114703000.0,0.589,0.5868,0.4285,0.5879,0.5348,2026-04-20T05:45:20.756449+09:00,2026-04-20T05:45:38.408375+09:00,2026-04-17T15:16:09.917397+09:00,Range,49.21,17.61,15.0,True,,,True,,0.0,-0.2938,0.5536,-1.7916,-1.3199,,,,0.0,,,,-1.2022,-0.2938,-1.3199,,,
2026-04-28 09:00,115249000.0,0.2721,0.5522,0.3604,0.4122,0.3949,2026-04-20T05:45:20.756449+09:00,2026-04-20T05:45:38.408375+09:00,2026-04-17T15:16:09.917397+09:00,Range,41.9,17.02,19.0,False,,,True,,0.0,-0.7801,0.2204,-2.2569,-1.2061,,,,0.0,,,,-1.8126,-0.7801,-1.2061,,,
2026-04-28 13:00,114211000.0,0.4404,0.4965,0.5243,0.4685,0.4871,2026-04-20T05:45:20.756449+09:00,2026-04-20T05:45:38.408375+09:00,2026-04-17T15:16:09.917397+09:00,Range,41.7,17.0,20.0,False,,,True,,0.0,0.8327,1.1312,-1.3685,-0.4334,,,,0.0,,,,-0.6829,0.8327,-0.4334,,,
2026-04-28 17:00,114177000.0,0.4014,0.5257,0.5564,0.4635,0.4945,2026-04-28T13:00:47.995745+09:00,2026-04-28T13:00:56.651800+09:00,2026-04-17T15:16:09.917397+09:00,Range,36.64,17.41,24.0,False,,,True,,0.0,-0.7707,1.1614,-1.3391,-0.3626,,,,0.0,,,,-0.7462,-0.7707,-0.3626,,,
2026-04-28 21:00,113324000.0,0.4784,0.5341,0.5008,0.5062,0.5044,2026-04-28T13:00:47.995745+09:00,2026-04-28T13:00:56.651800+09:00,2026-04-17T15:16:09.917397+09:00,Range,36.03,18.24,24.0,False,,,True,,0.0,-0.0044,1.9228,-0.8418,1.1727,,,,1.0,,,,0.9195,-0.0044,1.1727,,,
2026-04-29 01:00,113160000.0,0.5367,0.539,0.5264,0.5379,0.534,2026-04-28T13:00:47.995745+09:00,2026-04-28T13:00:56.651800+09:00,2026-04-17T15:16:09.917397+09:00,Range,38.51,19.01,19.0,False,,,True,,0.0,0.2174,2.0705,-0.6981,1.3309,,,,1.0,,,,1.0516,0.2174,1.3309,,,
2026-04-29 05:00,113431000.0,0.5155,0.5621,0.5532,0.5388,0.5436,2026-04-28T13:00:47.995745+09:00,2026-04-28T13:00:56.651800+09:00,2026-04-17T15:16:09.917397+09:00,Range,38.72,19.28,12.0,False,,,True,,0.0,-0.0934,1.8267,-0.9354,1.4917,,,,1.0,,,,1.526,-0.0934,1.4917,,,
2026-04-29 09:00,113325000.0,0.477,0.5206,0.704,0.4988,0.5672,2026-04-28T13:00:47.995745+09:00,2026-04-28T13:00:56.651800+09:00,2026-04-17T15:16:09.917397+09:00,Range,47.04,18.35,17.0,False,,,True,,0.0,0.1888,1.9219,-0.8427,2.6075,,,,1.0,,,,-0.0247,0.1888,2.6075,,,
2026-04-29 13:00,114366000.0,0.371,0.5307,0.4121,0.4509,0.4379,2026-04-28T13:00:47.995745+09:00,2026-04-28T13:00:56.651800+09:00,2026-04-17T15:16:09.917397+09:00,Range,46.93,17.13,14.0,False,,,True,,0.0,-1.0292,0.9942,-1.7453,1.5931,,,,0.0,,,,-0.9155,-1.0292,1.5931,,,
2026-04-29 17:00,114350000.0,0.2591,0.5512,0.4529,0.4051,0.421,2026-04-28T13:00:47.995745+09:00,2026-04-28T13:00:56.651800+09:00,2026-04-17T15:16:09.917397+09:00,Range,53.36,16.69,21.0,False,,,True,,0.0,-0.4294,0.7127,-1.7315,1.4779,,,,0.0,,,,-0.8255,-0.4294,1.4779,,,
2026-04-29 21:00,115162000.0,0.4031,0.5726,0.5617,0.4878,0.5125,2026-04-28T13:00:47.995745+09:00,2026-04-28T13:00:56.651800+09:00,2026-04-17T15:16:09.917397+09:00,Range,45.96,15.78,27.0,False,,,True,,0.0,-1.2556,-0.9387,-2.4244,1.0802,,,,0.0,,,,-1.5951,-1.2556,1.0802,,,
2026-04-30 01:00,113297000.0,0.7181,0.5641,0.5527,0.6411,0.6116,2026-04-28T13:00:47.995745+09:00,2026-04-28T13:00:56.651800+09:00,2026-04-17T15:16:09.917397+09:00,Range,41.04,15.54,22.0,True,4.6,1.0,True,0.0,0.0,0.4113,0.692,-0.7035,2.5376,,,,1.0,,,,0.2136,0.4113,2.5376,,,
2026-04-30 05:00,113319000.0,0.2764,0.605,0.6149,0.4407,0.4988,2026-04-28T13:00:47.995745+09:00,2026-04-28T13:00:56.651800+09:00,2026-04-17T15:16:09.917397+09:00,Range,41.37,16.28,28.0,False,5.4,1.0,True,0.0,0.0,1.1772,1.4825,-0.7227,2.2344,,,,1.0,,,,-0.1147,1.1772,2.2344,,,
2026-04-30 09:00,113406000.0,0.3329,0.5783,0.5155,0.4556,0.4755,2026-04-28T13:00:47.995745+09:00,2026-04-28T13:00:56.651800+09:00,2026-04-17T15:16:09.917397+09:00,Range,42.08,15.9,20.0,False,4.6,1.0,True,0.0,0.0,1.1111,1.4047,-0.7989,2.5819,,,,1.0,,,,0.3994,1.1111,2.5819,,,
2026-04-30 13:00,113325000.0,0.4225,0.5713,0.5194,0.4969,0.5044,2026-04-28T13:00:47.995745+09:00,2026-04-28T13:00:56.651800+09:00,2026-04-17T15:16:09.917397+09:00,Range,41.58,16.38,23.0,False,4.6,1.0,True,0.0,1.0,1.5866,1.6775,-0.308,2.6225,,,,1.0,,,,0.345,1.5866,2.6225,,,
2026-04-30 17:00,113539000.0,0.5665,0.578,0.456,0.5723,0.5335,2026-04-28T13:00:47.995745+09:00,2026-04-28T13:00:56.651800+09:00,2026-04-17T15:16:09.917397+09:00,Range,43.53,17.11,23.0,True,4.6,1.0,True,0.0,1.0,2.4141,2.8519,-0.3347,2.696,,,,1.0,,,,0.1973,2.4141,2.696,,,
2026-04-30 21:00,113189000.0,0.6161,0.521,0.4063,0.5685,0.5145,2026-04-28T13:00:47.995745+09:00,2026-04-28T13:00:56.651800+09:00,2026-04-17T15:16:09.917397+09:00,Range,41.14,17.28,16.0,True,3.4,1.0,True,0.0,1.0,2.6496,3.1699,0.0981,2.6239,,,,1.0,,,,1.2934,2.6496,2.6239,,,
2026-05-01 01:00,113859000.0,0.2667,0.5242,0.5149,0.3954,0.4353,2026-04-28T13:00:47.995745+09:00,2026-04-28T13:00:56.651800+09:00,2026-04-17T15:16:09.917397+09:00,Range,47.13,16.43,16.0,False,3.4,1.0,True,0.0,1.0,1.9155,2.5628,-0.2617,2.2062,,,,1.0,,,,0.7088,1.9155,2.2062,,,
2026-05-01 05:00,113716000.0,0.3886,0.4833,0.4638,0.436,0.4452,2026-04-28T13:00:47.995745+09:00,2026-04-28T13:00:56.651800+09:00,2026-04-17T15:16:09.917397+09:00,Range,46.04,16.18,10.0,False,3.4,1.0,True,0.0,1.0,2.3655,2.6918,0.0308,2.5986,,,,1.0,,,,1.2373,2.3655,2.5986,,,
2026-05-01 09:00,113763000.0,0.4401,0.4222,0.5281,0.4311,0.4634,2026-04-28T13:00:47.995745+09:00,2026-04-28T13:00:56.651800+09:00,2026-04-17T15:16:09.917397+09:00,Range,46.48,15.54,8.0,False,3.4,1.0,True,0.0,1.0,2.1176,2.6494,0.472,2.4911,,,,1.0,,,,2.2125,2.1176,2.4911,,,
2026-05-01 13:00,114653000.0,0.2164,0.5566,0.5786,0.3865,0.4505,2026-04-28T13:00:47.995745+09:00,2026-04-28T13:00:56.651800+09:00,2026-04-17T15:16:09.917397+09:00,Range,53.99,14.94,9.0,False,3.4,1.0,True,0.0,0.0,1.0449,1.8525,-0.1038,1.7697,,,,1.0,,,,1.3388,1.0449,1.7697,,,
2026-05-01 17:00,114666000.0,0.3641,0.5209,0.5496,0.4425,0.4782,2026-04-28T13:00:47.995745+09:00,2026-04-28T13:00:56.651800+09:00,2026-04-17T15:16:09.917397+09:00,Range,54.04,14.48,6.0,False,4.6,1.0,True,0.0,1.0,1.4547,1.841,0.3262,1.6491,,,,1.0,,,,1.1983,1.4547,1.6491,,,
2026-05-01 21:00,115123000.0,0.3413,0.4901,0.4206,0.4157,0.4173,2026-04-28T13:00:47.995745+09:00,2026-04-28T13:00:56.651800+09:00,2026-04-17T15:16:09.917397+09:00,Range,57.68,15.06,5.0,False,5.1,1.0,True,0.0,0.0,1.0198,1.1961,0.2397,2.9082,,,,1.0,,,,1.1145,1.0198,2.9082,,,
2026-05-02 01:00,116280000.0,0.6528,0.6328,0.3448,0.6428,0.5435,2026-04-28T13:00:47.995745+09:00,2026-04-28T13:00:56.651800+09:00,2026-04-17T15:16:09.917397+09:00,Range,65.09,17.79,10.0,True,5.1,1.0,True,0.0,0.0,0.2752,0.6192,-0.7577,1.1352,,,,1.0,,,,-0.0929,0.2752,1.1352,,,
2026-05-02 05:00,116188000.0,0.7236,0.6418,0.3906,0.6827,0.5853,2026-04-28T13:00:47.995745+09:00,2026-04-28T13:00:56.651800+09:00,2026-04-17T15:16:09.917397+09:00,Range,64.48,19.04,9.0,True,5.9,1.0,True,0.0,0.0,-0.025,0.6989,-0.3365,0.5138,,,,1.0,,,,-0.29,-0.025,0.5138,,,
2026-05-02 09:00,116040000.0,0.6957,0.4802,0.5122,0.5879,0.5627,2026-04-28T13:00:47.995745+09:00,2026-04-28T13:00:56.651800+09:00,2026-04-17T15:16:09.917397+09:00,Range,62.64,18.92,9.0,True,5.1,1.0,True,0.0,0.0,0.2852,0.8273,-0.2094,2.1191,,,,1.0,,,,0.2534,0.2852,2.1191,,,
2026-05-02 13:00,116406000.0,0.5011,0.4628,0.4981,0.482,0.4873,2026-04-28T13:00:47.995745+09:00,2026-04-28T13:00:56.651800+09:00,2026-04-17T15:16:09.917397+09:00,Range,64.97,19.75,5.0,False,5.1,1.0,True,0.0,0.0,0.2277,0.5103,-0.5232,1.8513,,,,1.0,,,,-0.0936,0.2277,1.8513,,,
2026-05-02 17:00,116172000.0,0.3548,0.4525,0.3993,0.4036,0.4022,2026-04-28T13:00:47.995745+09:00,2026-04-28T13:00:56.651800+09:00,2026-04-17T15:16:09.917397+09:00,Range,62.39,20.39,3.0,False,5.1,1.0,True,0.0,0.0,0.3658,0.7127,-0.2763,2.1132,,,,1.0,,,,0.3684,0.3658,2.1132,,,
2026-05-02 21:00,115851000.0,0.4708,0.4526,0.5143,0.4617,0.4792,2026-04-28T13:00:47.995745+09:00,2026-04-28T13:00:56.651800+09:00,2026-04-17T15:16:09.917397+09:00,Range,58.81,20.31,2.0,False,4.1,1.0,True,0.0,0.0,0.7173,0.9918,0.1338,3.5382,,,,1.0,,,,0.2659,0.7173,3.5382,,,
2026-05-03 01:00,116334000.0,0.5594,0.4434,0.4852,0.5014,0.496,2026-04-28T13:00:47.995745+09:00,2026-04-28T13:00:56.651800+09:00,2026-04-17T15:16:09.917397+09:00,Range,62.32,20.63,1.0,True,4.1,1.0,True,0.0,0.0,0.1917,0.863,-0.2819,3.0155,,,,1.0,,,,0.0318,0.1917,3.0155,,,
2026-05-03 05:00,116297000.0,0.5966,0.4443,0.398,0.5204,0.4796,2026-04-28T13:00:47.995745+09:00,2026-04-28T13:00:56.651800+09:00,2026-04-17T15:16:09.917397+09:00,Range,61.86,21.19,1.0,True,4.1,1.0,True,0.0,1.0,1.8694,2.1127,-0.2502,3.099,,,,1.0,,,,0.3216,1.8694,3.099,,,
2026-05-03 09:00,116600000.0,0.4745,0.4616,0.4225,0.4681,0.4529,2026-04-28T13:00:47.995745+09:00,2026-04-28T13:00:56.651800+09:00,2026-04-17T15:16:09.917397+09:00,Range,64.23,22.64,1.0,False,4.1,1.0,True,0.0,0.0,0.8576,1.9297,-0.5094,3.6278,,,,1.0,,,,-0.0026,0.8576,3.6278,,,
2026-05-03 13:00,116159000.0,0.6318,0.4474,0.4269,0.5396,0.502,2026-04-28T13:00:47.995745+09:00,2026-04-28T13:00:56.651800+09:00,2026-04-17T15:16:09.917397+09:00,Range,58.97,22.71,1.0,True,4.9,1.0,True,0.0,0.0,0.5389,2.3167,-0.0869,3.8878,,,,1.0,,,,0.4502,0.5389,3.8878,,,
2026-05-03 17:00,116371000.0,0.489,0.4452,0.2947,0.4671,0.4096,2026-04-28T13:00:47.995745+09:00,2026-04-28T13:00:56.651800+09:00,2026-04-17T15:16:09.917397+09:00,Range,60.73,23.09,1.0,False,4.9,1.0,True,0.0,1.0,1.8286,2.1303,-0.269,2.8882,,,0.5421,1.0,2026-05-03T14:02:40.481282+09:00,SKIP,BUY,0.1598,1.8286,2.8882,,,
2026-05-03 21:00,116671000.0,0.5297,0.5375,0.5012,0.5336,0.5228,2026-04-28T13:00:47.995745+09:00,2026-04-28T13:00:56.651800+09:00,2026-04-17T15:16:09.917397+09:00,Range,63.12,24.47,1.0,False,4.1,1.0,True,0.0,1.0,1.6199,2.3622,-0.5254,2.8302,,,0.742,1.0,2026-05-03T14:02:40.481282+09:00,SKIP,BUY,1.5428,1.6199,2.8302,,,
2026-05-04 01:00,116597000.0,0.6371,0.5361,0.6656,0.5866,0.6129,2026-04-28T13:00:47.995745+09:00,2026-04-28T13:00:56.651800+09:00,2026-04-17T15:16:09.917397+09:00,Range,62.26,25.27,1.0,True,4.9,1.0,True,0.0,1.0,1.741,2.4272,-0.4623,2.5472,,,0.6936,1.0,2026-05-03T14:02:40.481282+09:00,BUY,BUY,0.8602,1.741,2.5472,,,
2026-05-04 05:00,116682000.0,0.5778,0.4803,0.7512,0.529,0.6031,2026-04-28T13:00:47.995745+09:00,2026-04-28T13:00:56.651800+09:00,2026-04-17T15:16:09.917397+09:00,Range,62.99,25.87,1.0,True,4.1,1.0,True,0.0,1.0,2.8008,2.8436,-0.5348,3.3681,,,0.7181,1.0,2026-05-03T14:02:40.481282+09:00,BUY,BUY,0.0883,2.8008,3.3681,,,
2026-05-04 09:00,116557000.0,0.6027,0.5114,0.5855,0.5571,0.5665,2026-04-28T13:00:47.995745+09:00,2026-04-28T13:00:56.651800+09:00,2026-04-17T15:16:09.917397+09:00,Trend_Up,61.08,27.73,1.0,True,4.1,1.0,True,0.0,1.0,2.8184,3.3743,-0.4281,2.9642,,,0.7087,1.0,2026-05-03T14:02:40.481282+09:00,BUY,BUY,1.6661,2.8184,2.9642,,,
2026-05-04 13:00,118471000.0,0.5126,0.688,0.5988,0.6003,0.5998,2026-04-28T13:00:47.995745+09:00,2026-04-28T13:00:56.651800+09:00,2026-04-17T15:16:09.917397+09:00,Trend_Up,74.16,30.88,6.0,False,5.9,1.0,True,0.0,1.0,1.207,1.7042,-2.0368,1.0205,,,0.6436,0.0,2026-05-03T14:02:40.481282+09:00,SKIP,BUY,0.076,1.207,1.0205,,,
2026-05-04 17:00,117600000.0,0.6415,0.6807,0.4767,0.6611,0.5996,2026-04-28T13:00:47.995745+09:00,2026-04-28T13:00:56.651800+09:00,2026-04-17T15:16:09.917397+09:00,Trend_Up,63.79,32.94,11.0,True,5.9,1.0,True,0.0,1.0,2.7466,2.8486,-0.9439,1.5255,,,0.779,1.0,2026-05-03T14:02:40.481282+09:00,BUY,BUY,0.8733,2.7466,1.5255,,,
2026-05-04 21:00,116785000.0,0.4608,0.5969,0.607,0.5288,0.5549,2026-04-28T13:00:47.995745+09:00,2026-04-28T13:00:56.651800+09:00,2026-04-17T15:16:09.917397+09:00,Trend_Up,55.86,30.16,23.0,False,5.4,1.0,True,0.0,1.0,3.3309,3.5664,0.9547,1.7066,,,0.5254,1.0,2026-05-03T14:02:40.481282+09:00,SKIP,BUY,2.7101,3.3309,1.7066,,,
2026-05-05 01:00,118499000.0,0.4415,0.6154,0.4701,0.5285,0.509,2026-04-28T13:00:47.995745+09:00,2026-04-28T13:00:56.651800+09:00,2026-04-17T15:16:09.917397+09:00,Trend_Up,65.6,30.95,49.0,False,5.9,1.0,True,0.0,0.0,1.0405,2.0684,-0.0979,0.9249,,,0.6357,1.0,2026-05-03T14:02:40.481282+09:00,SKIP,BUY,1.1333,1.0405,0.9249,,,
2026-05-05 05:00,118561000.0,0.4792,0.7032,0.3398,0.5912,0.5074,2026-04-28T13:00:47.995745+09:00,2026-04-28T13:00:56.651800+09:00,2026-04-17T15:16:09.917397+09:00,Trend_Up,65.63,32.02,52.0,False,5.9,1.0,True,0.0,0.0,1.1909,2.015,-0.0321,0.2362,,,0.76,1.0,2026-05-03T14:02:40.481282+09:00,SKIP,BUY,1.1302,1.1909,0.2362,,,
2026-05-05 09:00,118627000.0,0.5485,0.7053,0.497,0.6269,0.5836,2026-04-28T13:00:47.995745+09:00,2026-04-28T13:00:56.651800+09:00,2026-04-17T15:16:09.917397+09:00,Trend_Up,66.2,32.58,49.0,False,5.9,1.0,True,0.0,0.0,0.7924,1.9582,0.4004,-0.7806,,,0.7938,0.0,2026-05-03T14:02:40.481282+09:00,SKIP,BUY,1.8571,0.7924,-0.7806,,,
2026-05-05 13:00,119950000.0,0.4997,0.669,0.3665,0.5843,0.5117,2026-04-28T13:00:47.995745+09:00,2026-04-28T13:00:56.651800+09:00,2026-04-17T15:16:09.917397+09:00,Trend_Up,72.04,34.2,51.0,False,5.9,1.0,True,0.0,0.0,0.5519,0.8337,-0.707,-1.4589,,,0.687,0.0,2026-05-03T14:02:40.481282+09:00,SKIP,BUY,0.6044,0.5519,-1.4589,,,
2026-05-05 17:00,119842000.0,0.5594,0.6716,0.3566,0.6155,0.5292,2026-04-28T13:00:47.995745+09:00,2026-04-28T13:00:56.651800+09:00,2026-04-17T15:16:09.917397+09:00,Trend_Up,70.98,35.71,49.0,False,5.9,1.0,True,0.0,0.0,0.1419,0.9246,-0.6175,-1.6238,,,0.6846,0.0,2026-05-03T14:02:40.481282+09:00,BUY,BUY,-0.0918,0.1419,-1.6238,,,
2026-05-05 21:00,119901000.0,0.5877,0.7079,0.3562,0.6478,0.5506,2026-04-28T13:00:47.995745+09:00,2026-04-28T13:00:56.651800+09:00,2026-04-17T15:16:09.917397+09:00,Trend_Up,71.23,35.62,45.0,True,5.9,1.0,True,0.0,0.0,-0.1843,0.8332,-0.6664,-2.0559,,,0.5871,0.0,2026-05-03T14:02:40.481282+09:00,BUY,BUY,0.06,-0.1843,-2.0559,,,
2026-05-06 01:00,120830000.0,0.4981,0.6599,0.3745,0.579,0.5108,2026-04-28T13:00:47.995745+09:00,2026-04-28T13:00:56.651800+09:00,2026-04-17T15:16:09.917397+09:00,Trend_Up,74.95,37.2,48.0,False,5.9,1.0,True,0.0,0.0,-1.1884,0.0579,-1.4301,-2.4654,,,0.4192,0.0,2026-05-03T14:02:40.481282+09:00,SKIP,SKIP,-1.0453,-1.1884,-2.4654,,,
2026-05-06 05:00,120675000.0,0.5444,0.7055,0.3953,0.6249,0.5484,2026-04-28T13:00:47.995745+09:00,2026-04-28T13:00:56.651800+09:00,2026-04-17T15:16:09.917397+09:00,Trend_Up,73.61,38.15,38.0,False,5.9,1.0,True,0.0,0.0,-1.572,0.1409,-1.5869,-1.601,,,0.5234,0.0,2026-05-03T14:02:40.481282+09:00,SKIP,BUY,-0.0522,-1.572,-1.601,,,
2026-05-06 09:00,119732000.0,0.6623,0.6842,0.4973,0.6732,0.6146,2026-04-28T13:00:47.995745+09:00,2026-04-28T13:00:56.651800+09:00,2026-04-17T15:16:09.917397+09:00,Trend_Up,64.01,37.26,45.0,True,5.1,1.0,True,0.0,0.0,-0.1144,0.9296,-0.8786,-1.0707,,,0.5811,0.0,2026-05-03T14:02:40.481282+09:00,BUY,BUY,0.2339,-0.1144,-1.0707,,,
2026-05-06 13:00,119973000.0,0.7049,0.5675,0.4586,0.6362,0.577,2026-04-28T13:00:47.995745+09:00,2026-04-28T13:00:56.651800+09:00,2026-04-17T15:16:09.917397+09:00,Trend_Up,65.26,35.87,39.0,True,5.9,1.0,True,0.0,0.0,-0.9435,0.7268,-1.1444,-1.5787,,,0.4033,0.0,2026-05-03T14:02:40.481282+09:00,BUY,SKIP,-0.2442,-0.9435,-1.5787,,,
2026-05-06 17:00,119567000.0,0.7156,0.5537,0.5176,0.6346,0.5956,2026-04-28T13:00:47.995745+09:00,2026-04-28T13:00:56.651800+09:00,2026-04-17T15:16:09.917397+09:00,Trend_Up,61.39,35.31,32.0,True,5.9,1.0,True,0.0,0.0,-1.5606,0.8815,-1.6618,-1.211,,,0.4372,0.0,2026-05-03T14:02:40.481282+09:00,BUY,SKIP,-0.1447,-1.5606,-1.211,,,
2026-05-06 21:00,120612000.0,0.3593,0.6679,0.6223,0.5136,0.5498,2026-04-28T13:00:47.995745+09:00,2026-04-28T13:00:56.651800+09:00,2026-04-17T15:16:09.917397+09:00,Trend_Up,66.77,36.0,38.0,False,5.1,1.0,True,0.0,0.0,-1.9998,-0.3192,-2.8123,-1.7453,,,0.591,0.0,2026-05-03T14:02:40.481282+09:00,SKIP,BUY,-1.5206,-1.9998,-1.7453,,,
2026-05-07 01:00,120012000.0,0.557,0.6,0.6844,0.5785,0.6138,2026-04-28T13:00:47.995745+09:00,2026-04-28T13:00:56.651800+09:00,2026-04-17T15:16:09.917397+09:00,Trend_Up,61.38,35.74,45.0,False,5.9,1.0,True,0.0,0.0,-1.7632,-0.0483,-2.3264,-1.5848,,,0.5871,0.0,2026-05-03T14:02:40.481282+09:00,BUY,BUY,-0.3475,-1.7632,-1.5848,,,
2026-05-07 05:00,119680000.0,0.6622,0.5616,0.4194,0.6119,0.5478,2026-04-28T13:00:47.995745+09:00,2026-04-28T13:00:56.651800+09:00,2026-04-17T15:16:09.917397+09:00,Trend_Up,58.59,35.61,38.0,True,5.9,1.0,True,0.0,0.0,-1.875,0.1036,-2.1641,-1.0227,,,0.4773,0.0,2026-05-03T14:02:40.481282+09:00,BUY,SKIP,-0.701,-1.875,-1.0227,,,
2026-05-07 09:00,119394000.0,0.2925,0.489,0.3892,0.3907,0.3902,2026-04-28T13:00:47.995745+09:00,2026-04-28T13:00:56.651800+09:00,2026-04-17T15:16:09.917397+09:00,Trend_Up,56.21,35.03,27.0,False,5.1,1.0,True,0.0,0.0,-1.2924,0.3434,-1.9297,-0.4556,,,0.3425,0.0,2026-05-03T14:02:40.481282+09:00,SKIP,SKIP,-1.418,-1.2924,-0.4556,,,
2026-05-07 13:00,118778000.0,0.3836,0.4179,0.4199,0.4007,0.4071,2026-04-28T13:00:47.995745+09:00,2026-04-28T13:00:56.651800+09:00,2026-04-17T15:16:09.917397+09:00,Trend_Up,51.38,32.97,23.0,False,4.6,1.0,True,0.0,0.0,-0.0295,0.7678,-1.4211,0.3452,,,0.3248,0.0,2026-05-03T14:02:40.481282+09:00,SKIP,SKIP,-0.4866,-0.0295,0.3452,,,
2026-05-07 17:00,119595000.0,0.625,0.4196,0.4989,0.5223,0.5145,2026-04-28T13:00:47.995745+09:00,2026-04-28T13:00:56.651800+09:00,2026-04-17T15:16:09.917397+09:00,Trend_Up,56.71,32.65,25.0,True,5.4,1.0,True,0.0,0.0,-0.9574,-0.3361,-2.0946,-0.4917,,,0.3273,0.0,2026-05-03T14:02:40.481282+09:00,BUY,SKIP,-1.4206,-0.9574,-0.4917,,,
2026-05-07 21:00,118841000.0,0.2765,0.3731,0.5485,0.3248,0.3993,2026-04-28T13:00:47.995745+09:00,2026-04-28T13:00:56.651800+09:00,2026-04-17T15:16:09.917397+09:00,Trend_Up,51.14,31.73,25.0,False,4.6,1.0,True,0.0,0.0,-0.6412,0.1254,-1.4734,0.202,,,0.4757,0.0,2026-05-03T14:02:40.481282+09:00,SKIP,SKIP,-1.1823,-0.6412,0.202,,,
2026-05-08 01:00,117701000.0,0.4323,0.4807,0.5811,0.4565,0.498,2026-04-28T13:00:47.995745+09:00,2026-04-28T13:00:56.651800+09:00,2026-04-17T15:16:09.917397+09:00,Trend_Up,44.07,28.09,42.0,False,4.6,1.0,True,0.0,0.0,0.3551,1.0951,-0.5191,1.0867,,,0.355,1.0,2026-05-03T14:02:40.481282+09:00,SKIP,SKIP,0.1274,0.3551,1.0867,,,
2026-05-08 05:00,118200000.0,0.3316,0.354,0.4365,0.3428,0.374,2026-05-08T01:09:19.157019+09:00,2026-05-08T01:09:47.764507+09:00,2026-04-17T15:16:09.917397+09:00,Trend_Down,47.49,26.87,44.0,False,5.4,1.0,True,0.0,0.0,0.2597,0.6684,-0.9391,0.6404,,,0.3136,1.0,2026-05-08T01:09:47.351812+09:00,SKIP,SKIP,0.4594,0.2597,0.6404,,,
2026-05-08 09:00,117896000.0,0.1959,0.3913,0.2705,0.2936,0.2859,2026-05-08T01:09:19.157019+09:00,2026-05-08T01:09:47.764507+09:00,2026-04-17T15:16:09.917397+09:00,Trend_Down,45.52,24.85,39.0,False,4.6,1.0,True,0.0,0.0,0.1815,0.9279,-0.4826,1.4759,,,0.2556,1.0,2026-05-08T01:09:47.351812+09:00,SKIP,SKIP,0.4699,0.1815,1.4759,,,
2026-05-08 13:00,117436000.0,0.0752,0.4114,0.5602,0.2433,0.3489,2026-05-08T01:09:19.157019+09:00,2026-05-08T01:09:47.764507+09:00,2026-04-17T15:16:09.917397+09:00,Trend_Down,42.73,24.07,38.0,False,4.6,1.0,True,0.0,0.0,0.8686,1.3233,0.3108,1.4289,,,0.2934,1.0,2026-05-08T01:09:47.351812+09:00,SKIP,SKIP,0.5475,0.8686,1.4289,,,
2026-05-08 17:00,117851000.0,0.1774,0.3543,0.3049,0.2659,0.2789,2026-05-08T01:09:19.157019+09:00,2026-05-08T01:09:47.764507+09:00,2026-04-17T15:16:09.917397+09:00,Range,45.95,22.94,27.0,False,4.6,1.0,True,0.0,0.0,0.8477,0.9665,-0.0314,2.3326,,,0.247,1.0,2026-05-08T01:09:47.351812+09:00,SKIP,SKIP,0.2274,0.8477,2.3326,,,
2026-05-08 21:00,118743000.0,0.2155,0.4234,0.4276,0.3195,0.3555,2026-05-08T01:09:19.157019+09:00,2026-05-08T01:09:47.764507+09:00,2026-04-17T15:16:09.917397+09:00,Range,52.17,22.3,30.0,False,4.6,1.0,True,0.0,0.0,0.3748,0.4741,-0.7537,0.2164,,,0.3385,1.0,2026-05-08T01:09:47.351812+09:00,SKIP,SKIP,-0.1987,0.3748,0.2164,,,
2026-05-09 01:00,118450000.0,0.343,0.3932,0.3,0.3681,0.3454,2026-05-08T01:09:19.157019+09:00,2026-05-08T01:09:47.764507+09:00,2026-04-17T15:16:09.917397+09:00,Range,50.19,21.71,37.0,False,4.6,1.0,True,0.0,0.0,0.4702,0.7227,-0.3816,0.4652,,,0.2158,1.0,2026-05-08T01:09:47.351812+09:00,SKIP,SKIP,-0.287,0.4702,0.4652,,,
2026-05-09 05:00,118079000.0,0.2723,0.3925,0.2721,0.3324,0.3123,2026-05-08T01:09:19.157019+09:00,2026-05-08T01:09:47.764507+09:00,2026-04-17T15:16:09.917397+09:00,Range,47.67,21.07,26.0,False,4.6,1.0,True,0.0,0.0,0.8486,1.0391,0.0229,1.2712,,,0.2707,1.0,2026-05-08T01:09:47.351812+09:00,SKIP,SKIP,0.3193,0.8486,1.2712,,,
2026-05-09 09:00,118119000.0,0.292,0.3881,0.6485,0.3401,0.4429,2026-05-08T01:09:19.157019+09:00,2026-05-08T01:09:47.764507+09:00,2026-04-17T15:16:09.917397+09:00,Range,47.98,20.47,22.0,False,4.6,1.0,True,0.0,0.0,0.7289,1.0049,-0.011,1.3791,,,0.2568,1.0,2026-05-08T01:09:47.351812+09:00,SKIP,SKIP,0.6189,0.7289,1.3791,,,
2026-05-09 13:00,118507000.0,0.1912,0.3902,0.6023,0.2907,0.3945,2026-05-08T01:09:19.157019+09:00,2026-05-08T01:09:47.764507+09:00,2026-04-17T15:16:09.917397+09:00,Range,50.96,20.64,17.0,False,4.6,1.0,True,0.0,0.0,0.3797,0.6742,-0.3358,1.605,,,0.3794,1.0,2026-05-08T01:09:47.351812+09:00,SKIP,SKIP,0.5746,0.3797,1.605,,,
2026-05-09 17:00,118110000.0,0.3718,0.377,0.4346,0.3744,0.3945,2026-05-08T01:09:19.157019+09:00,2026-05-08T01:09:47.764507+09:00,2026-04-17T15:16:09.917397+09:00,Range,47.9,20.57,15.0,False,4.6,1.0,True,0.0,1.0,1.292,1.2954,0.2311,1.6806,,,0.3345,1.0,2026-05-08T01:09:47.351812+09:00,SKIP,SKIP,0.7595,1.292,1.6806,,,
2026-05-09 21:00,118456000.0,0.3675,0.4114,0.3492,0.3894,0.376,2026-05-08T01:09:19.157019+09:00,2026-05-08T01:09:47.764507+09:00,2026-04-17T15:16:09.917397+09:00,Range,50.68,20.44,11.0,False,4.6,1.0,True,0.0,0.0,0.5555,1.0308,0.1925,1.0426,,,0.4666,1.0,2026-05-08T01:09:47.351812+09:00,SKIP,SKIP,0.5276,0.5555,1.0426,,,
2026-05-10 01:00,118850000.0,0.7652,0.4174,0.3536,0.5913,0.5121,2026-05-08T01:09:19.157019+09:00,2026-05-08T01:09:47.764507+09:00,2026-04-17T15:16:09.917397+09:00,Range,53.75,21.28,7.0,True,4.6,1.0,True,0.0,1.0,1.4724,1.4724,-0.7152,0.6294,,,0.4446,1.0,2026-05-08T01:09:47.351812+09:00,BUY,SKIP,0.1094,1.4724,0.6294,,,
2026-05-10 05:00,119188000.0,0.7845,0.5098,0.2573,0.6471,0.5172,2026-05-08T01:09:19.157019+09:00,2026-05-08T01:09:47.764507+09:00,2026-04-17T15:16:09.917397+09:00,Range,56.25,22.65,6.0,True,4.6,1.0,True,0.0,0.0,-0.1577,1.2686,-0.9967,0.271,,,0.6376,1.0,2026-05-08T01:09:47.351812+09:00,BUY,BUY,-0.1938,-0.1577,0.271,,,
2026-05-10 09:00,119007000.0,0.8414,0.4692,0.4356,0.6553,0.5821,2026-05-08T01:09:19.157019+09:00,2026-05-08T01:09:47.764507+09:00,2026-04-17T15:16:09.917397+09:00,Range,54.5,23.41,4.0,True,4.6,1.0,True,0.0,0.0,-0.005,1.4226,-0.8462,0.0193,,,0.6388,1.0,2026-05-08T01:09:47.351812+09:00,BUY,BUY,0.5285,-0.005,0.0193,,,
2026-05-10 13:00,119081000.0,0.656,0.4732,0.3882,0.5646,0.5058,2026-05-08T01:09:19.157019+09:00,2026-05-08T01:09:47.764507+09:00,2026-04-17T15:16:09.917397+09:00,Range,55.05,24.06,2.0,True,4.1,1.0,True,0.0,0.0,0.419,1.3596,-0.9078,0.4845,,,0.5626,1.0,2026-05-08T01:09:47.351812+09:00,BUY,BUY,0.0277,0.419,0.4845,,,
2026-05-10 17:00,118980000.0,0.765,0.4678,0.4562,0.6164,0.563,2026-05-08T01:09:19.157019+09:00,2026-05-08T01:09:47.764507+09:00,2026-04-17T15:16:09.917397+09:00,Range,54.03,24.69,1.0,True,3.6,1.0,True,0.0,0.0,0.6455,1.4456,-0.8237,0.1362,,,0.593,1.0,2026-05-08T01:09:47.351812+09:00,BUY,BUY,1.3616,0.6455,0.1362,,,
2026-05-10 21:00,118957000.0,0.6224,0.4451,0.4465,0.5337,0.5047,2026-05-08T01:09:19.157019+09:00,2026-05-08T01:09:47.764507+09:00,2026-04-17T15:16:09.917397+09:00,Range,53.78,25.24,1.0,True,4.1,1.0,True,0.0,1.0,1.2206,1.4652,-0.8045,1.0752,,,0.6029,1.0,2026-05-08T01:09:47.351812+09:00,BUY,BUY,0.0361,1.2206,1.0752,,,
2026-05-11 01:00,119636000.0,0.5498,0.5472,0.425,0.5485,0.5073,2026-05-08T01:09:19.157019+09:00,2026-05-08T01:09:47.764507+09:00,2026-04-17T15:16:09.917397+09:00,Trend_Up,59.61,27.18,1.0,False,4.1,1.0,True,0.0,0.0,0.3837,0.8894,-1.3675,0.1204,,,0.6387,1.0,2026-05-08T01:09:47.351812+09:00,SKIP,BUY,-0.5308,0.3837,0.1204,,,
2026-05-11 05:00,119114000.0,0.5693,0.55,0.4715,0.5596,0.5303,2026-05-08T01:09:19.157019+09:00,2026-05-08T01:09:47.764507+09:00,2026-04-17T15:16:09.917397+09:00,Trend_Up,54.01,28.01,1.0,False,4.4,1.0,True,0.0,0.0,0.4844,1.3315,-0.3148,0.131,,,0.6756,1.0,2026-05-08T01:09:47.351812+09:00,BUY,BUY,0.3912,0.4844,0.131,,,
2026-05-11 09:00,120600000.0,0.6016,0.6173,0.6191,0.6095,0.6127,2026-05-08T01:09:19.157019+09:00,2026-05-08T01:09:47.764507+09:00,2026-04-17T15:16:09.917397+09:00,Trend_Up,64.41,30.79,12.0,True,5.1,1.0,True,0.0,0.0,-0.8308,-0.0133,-1.5431,-2.6468,,,0.4541,0.0,2026-05-08T01:09:47.351812+09:00,BUY,SKIP,-0.7065,-0.8308,-2.6468,,,
2026-05-11 13:00,119000000.0,0.4551,0.6103,0.4197,0.5327,0.4951,2026-05-08T01:09:19.157019+09:00,2026-05-08T01:09:47.764507+09:00,2026-04-17T15:16:09.917397+09:00,Trend_Up,51.15,32.64,24.0,False,5.9,1.0,True,0.0,0.0,0.4294,1.3311,-0.2193,-0.5101,,,0.7312,0.0,2026-05-08T01:09:47.351812+09:00,SKIP,BUY,1.184,0.4294,-0.5101,,,
2026-05-11 17:00,119001000.0,0.5654,0.6249,0.2428,0.5951,0.4777,2026-05-08T01:09:19.157019+09:00,2026-05-08T01:09:47.764507+09:00,2026-04-17T15:16:09.917397+09:00,Trend_Up,51.16,34.29,17.0,False,5.9,1.0,True,0.0,0.0,0.0244,1.3302,-0.2202,-0.9815,,,0.7539,0.0,2026-05-08T01:09:47.351812+09:00,BUY,BUY,0.9193,0.0244,-0.9815,,,
2026-05-11 21:00,119580000.0,0.3302,0.6435,0.2493,0.4868,0.4077,2026-05-08T01:09:19.157019+09:00,2026-05-08T01:09:47.764507+09:00,2026-04-17T15:16:09.917397+09:00,Trend_Up,55.25,36.33,17.0,False,5.4,1.0,True,0.0,0.0,0.0652,0.8396,-0.7811,-1.8314,,,0.7262,0.0,2026-05-08T01:09:47.351812+09:00,SKIP,BUY,0.0928,0.0652,-1.8314,,,
2026-05-12 01:00,119748000.0,0.4733,0.6454,0.3993,0.5593,0.506,2026-05-08T01:09:19.157019+09:00,2026-05-08T01:09:47.764507+09:00,2026-04-17T15:16:09.917397+09:00,Trend_Up,56.38,36.96,17.0,False,4.6,1.0,True,0.0,0.0,-0.5061,0.6681,-0.9203,-1.1708,,,0.7405,0.0,2026-05-08T01:09:47.351812+09:00,SKIP,BUY,-0.1253,-0.5061,-1.1708,,,
2026-05-12 05:00,120409000.0,0.4452,0.6676,0.508,0.5564,0.5402,2026-05-08T01:09:19.157019+09:00,2026-05-08T01:09:47.764507+09:00,2026-04-17T15:16:09.917397+09:00,Trend_Up,60.55,39.39,17.0,False,5.9,1.0,True,0.0,0.0,-0.1437,-0.0581,-1.4642,-2.2399,,,0.7097,0.0,2026-05-08T01:09:47.351812+09:00,SKIP,BUY,-0.7458,-0.1437,-2.2399,,,
2026-05-12 09:00,120095000.0,0.5444,0.6531,0.4663,0.5988,0.5546,2026-05-08T01:09:19.157019+09:00,2026-05-08T01:09:47.764507+09:00,2026-04-17T15:16:09.917397+09:00,Trend_Up,57.7,40.99,16.0,False,5.9,,,0.0,0.0,-0.2623,0.2032,-1.2065,0.1707,,,0.553,0.0,2026-05-08T01:09:47.351812+09:00,SKIP,BUY,-0.8868,-0.2623,0.1707,0.6016,fail,ai_gate_fail
2026-05-12 13:00,119691000.0,0.5836,0.5843,0.319,0.5839,0.4956,2026-05-08T01:09:19.157019+09:00,2026-05-08T01:09:47.764507+09:00,2026-04-17T15:16:09.917397+09:00,Trend_Up,54.17,39.26,17.0,True,5.4,1.0,True,1.0,0.0,-0.3517,0.5414,-0.8731,0.3275,,,0.5041,0.0,2026-05-08T01:09:47.351812+09:00,BUY,BUY,-0.0276,-0.3517,0.3275,0.5836,regime,ok
2026-05-12 17:00,119598000.0,0.4978,0.5508,0.3899,0.5243,0.4795,2026-05-08T01:09:19.157019+09:00,2026-05-08T01:09:47.764507+09:00,2026-04-17T15:16:09.917397+09:00,Trend_Up,53.37,39.2,11.0,True,5.4,1.0,True,1.0,0.0,-1.8311,0.6196,-1.8403,0.2124,,,0.5171,0.0,2026-05-08T01:09:47.351812+09:00,SKIP,BUY,-0.3813,-1.8311,0.2124,0.4978,dynamic,ok
2026-05-12 21:00,119511000.0,0.4454,0.4593,0.3871,0.4524,0.4306,2026-05-08T01:09:19.157019+09:00,2026-05-08T01:09:47.764507+09:00,2026-04-17T15:16:09.917397+09:00,Trend_Up,52.58,37.41,9.0,True,5.4,1.0,True,1.0,0.0,-0.9355,0.6928,-1.85,0.3531,,,0.4074,0.0,2026-05-08T01:09:47.351812+09:00,SKIP,SKIP,0.6066,-0.9355,0.3531,0.4454,dynamic,ok
2026-05-13 01:00,119030000.0,0.4932,0.4524,0.4879,0.4728,0.4778,2026-05-08T01:09:19.157019+09:00,2026-05-08T01:09:47.764507+09:00,2026-04-17T15:16:09.917397+09:00,Trend_Up,48.26,35.58,11.0,False,4.6,,,0.0,0.0,-1.0056,1.0997,-1.4534,0.594,,,0.4132,0.0,2026-05-08T01:09:47.351812+09:00,SKIP,SKIP,0.6301,-1.0056,0.594,0.4932,fail,ai_gate_fail
2026-05-13 05:00,119658000.0,0.7041,0.5018,0.3562,0.603,0.5207,2026-05-08T01:09:19.157019+09:00,2026-05-08T01:09:47.764507+09:00,2026-04-17T15:16:09.917397+09:00,Trend_Up,53.66,32.89,11.0,True,5.4,1.0,True,1.0,0.0,-1.8954,0.5691,-1.9706,-0.1329,,,0.4583,0.0,2026-05-08T01:09:47.351812+09:00,BUY,SKIP,-0.3243,-1.8954,-0.1329,0.7041,regime,ok
2026-05-13 09:00,119142000.0,0.4249,0.4332,0.4009,0.4291,0.4197,2026-05-08T01:09:19.157019+09:00,2026-05-08T01:09:47.764507+09:00,2026-04-17T15:16:09.917397+09:00,Trend_Up,49.04,31.06,10.0,False,4.6,,,0.0,0.0,-0.6681,0.9275,-1.5461,-1.0836,,,0.3563,0.0,2026-05-08T01:09:47.351812+09:00,SKIP,SKIP,-1.4554,-0.6681,-1.0836,0.4249,fail,ai_gate_fail
2026-05-13 13:00,120236000.0,0.6539,0.544,0.4019,0.5989,0.5333,2026-05-08T01:09:19.157019+09:00,2026-05-08T01:09:47.764507+09:00,2026-04-17T15:16:09.917397+09:00,Trend_Up,57.48,31.56,11.0,True,4.6,1.0,True,1.0,0.0,-2.0992,-0.0798,-2.4419,-1.9927,,,0.4111,0.0,2026-05-08T01:09:47.351812+09:00,BUY,SKIP,-1.5328,-2.0992,-1.9927,0.6539,regime,ok
2026-05-13 17:00,119780000.0,0.4034,0.5026,0.2511,0.453,0.3857,2026-05-08T01:09:19.157019+09:00,2026-05-08T01:09:47.764507+09:00,2026-04-17T15:16:09.917397+09:00,Trend_Up,53.49,30.95,11.0,False,5.4,,,0.0,0.0,0.4341,0.4341,-2.0705,-1.7482,,,0.4792,0.0,2026-05-08T01:09:47.351812+09:00,SKIP,SKIP,-1.6255,0.4341,-1.7482,0.4034,fail,ai_gate_fail
2026-05-13 21:00,119270000.0,0.3268,0.4771,0.3633,0.402,0.3891,2026-05-08T01:09:19.157019+09:00,2026-05-08T01:09:47.764507+09:00,2026-04-17T15:16:09.917397+09:00,Trend_Up,49.38,28.77,11.0,False,4.6,,,0.0,0.0,0.6816,1.4505,-1.6517,-1.2459,,,0.3558,0.0,2026-05-08T01:09:47.351812+09:00,SKIP,SKIP,-1.5763,0.6816,-1.2459,0.3268,fail,ai_gate_fail
2026-05-14 01:00,117408000.0,0.2885,0.5484,0.4928,0.4184,0.4432,2026-05-08T01:09:19.157019+09:00,2026-05-08T01:09:47.764507+09:00,2026-04-17T15:16:09.917397+09:00,Trend_Down,37.91,29.62,28.0,,4.6,,,0.0,1.0,2.0816,3.0594,-0.0707,-0.4557,,,0.4837,1.0,2026-05-08T01:09:47.351812+09:00,SKIP,SKIP,0.7989,2.0816,-0.4557,,,trend_down_block
2026-05-14 05:00,118393000.0,0.5019,0.6049,0.466,0.5534,0.5243,2026-05-08T01:09:19.157019+09:00,2026-05-08T01:09:47.764507+09:00,2026-04-17T15:16:09.917397+09:00,Trend_Down,45.17,29.6,33.0,,5.4,,,0.0,1.0,1.3008,2.202,-0.9021,-1.571,,,0.5346,0.0,2026-05-08T01:09:47.351812+09:00,SKIP,BUY,-0.5752,1.3008,-1.571,,,trend_down_block
2026-05-14 09:00,117833000.0,0.1741,0.5489,0.5764,0.3615,0.4331,2026-05-08T01:09:19.157019+09:00,2026-05-08T01:09:47.764507+09:00,2026-04-17T15:16:09.917397+09:00,Trend_Down,42.14,29.18,29.0,,4.6,,,0.0,1.0,1.6158,2.6877,-0.4192,-0.9658,,,0.5644,1.0,2026-05-08T01:09:47.351812+09:00,SKIP,BUY,2.0936,1.6158,-0.9658,,,trend_down_block
2026-05-14 13:00,117390000.0,0.323,0.5383,0.6459,0.4306,0.5024,2026-05-08T01:09:19.157019+09:00,2026-05-08T01:09:47.764507+09:00,2026-04-17T15:16:09.917397+09:00,Trend_Down,39.87,29.95,30.0,,4.6,,,0.0,1.0,1.7966,3.0752,0.2632,-0.5955,,,0.4931,1.0,2026-05-08T01:09:47.351812+09:00,SKIP,SKIP,2.2941,1.7966,-0.5955,,,trend_down_block
2026-05-14 17:00,118346000.0,0.3244,0.6008,0.6069,0.4626,0.5107,2026-05-08T01:09:19.157019+09:00,2026-05-08T01:09:47.764507+09:00,2026-04-17T15:16:09.917397+09:00,Trend_Down,46.56,28.92,38.0,,5.4,,,0.0,0.0,-0.4183,2.2426,-1.0588,-1.406,,,0.4925,0.0,2026-05-08T01:09:47.351812+09:00,SKIP,SKIP,1.2725,-0.4183,-1.406,,,trend_down_block
2026-05-14 21:00,117712000.0,0.339,0.5017,0.7091,0.4203,0.5166,2026-05-08T01:09:19.157019+09:00,2026-05-08T01:09:47.764507+09:00,2026-04-17T15:16:09.917397+09:00,Trend_Down,43.13,28.57,37.0,,4.6,,,0.0,0.0,0.1087,2.7933,-0.5259,-1.101,,,0.4267,1.0,2026-05-08T01:09:47.351812+09:00,SKIP,SKIP,1.8868,0.1087,-1.101,,,trend_down_block
2026-05-15 01:00,120300000.0,0.1873,0.6277,0.4913,0.4075,0.4354,2026-05-08T01:09:19.157019+09:00,2026-05-08T01:09:47.764507+09:00,2026-04-17T15:16:09.917397+09:00,Range,57.08,26.38,70.0,True,4.6,0.0,,0.0,0.0,-2.1729,0.5819,-2.6658,-3.1172,,,0.5743,0.0,2026-05-08T01:09:47.351812+09:00,SKIP,BUY,-0.468,-2.1729,-3.1172,0.1873,dynamic,score_fail
2026-05-15 05:00,120083000.0,0.4161,0.6801,0.7161,0.5481,0.6041,2026-05-08T01:09:19.157019+09:00,2026-05-08T01:09:47.764507+09:00,2026-04-17T15:16:09.917397+09:00,Range,56.03,26.67,71.0,True,4.4,0.0,,0.0,0.0,-1.9145,0.7636,-2.4899,-2.5149,,,0.4786,0.0,2026-05-08T01:09:47.351812+09:00,SKIP,SKIP,-0.4863,-1.9145,-2.5149,0.1873,dynamic,score_fail
2026-05-15 09:00,119852000.0,0.5212,0.6726,0.6386,0.5969,0.6108,2026-05-08T01:09:19.157019+09:00,2026-05-08T01:09:47.764507+09:00,2026-04-17T15:16:09.917397+09:00,Range,54.63,26.19,63.0,True,5.4,1.0,True,1.0,0.0,-2.4856,0.0693,-2.6299,,,,0.4929,,2026-05-08T01:09:47.351812+09:00,SKIP,SKIP,-1.6696,-2.4856,,0.1873,dynamic,ok
2026-05-15 13:00,119933000.0,0.4065,0.6654,0.6071,0.536,0.5597,2026-05-08T01:09:19.157019+09:00,2026-05-08T01:09:47.764507+09:00,2026-04-17T15:16:09.917397+09:00,Range,55.05,26.75,65.0,True,3.6,0.0,,0.0,0.0,-2.8349,-0.1626,-3.4186,,,,0.6027,,2026-05-08T01:09:47.351812+09:00,SKIP,BUY,-1.7451,-2.8349,,0.1873,dynamic,score_fail
2026-05-15 17:00,119737000.0,0.4782,0.6494,0.5357,0.5638,0.5544,2026-05-08T01:09:19.157019+09:00,2026-05-08T01:09:47.764507+09:00,2026-04-17T15:16:09.917397+09:00,Range,53.73,24.89,62.0,True,5.4,1.0,True,1.0,0.0,-2.5406,-0.1211,-3.2605,,,,0.3726,,2026-05-08T01:09:47.351812+09:00,SKIP,SKIP,-1.7129,-2.5406,,0.1873,dynamic,ok
2026-05-15 21:00,119499000.0,0.5227,0.5119,0.3399,0.5173,0.4582,2026-05-08T01:09:19.157019+09:00,2026-05-08T01:09:47.764507+09:00,2026-04-17T15:16:09.917397+09:00,Range,52.16,24.08,49.0,True,5.4,1.0,True,1.0,0.0,-2.3498,-1.0034,-3.0678,,,,0.393,,2026-05-08T01:09:47.351812+09:00,SKIP,SKIP,-1.4352,-2.3498,,0.1873,dynamic,ok
2026-05-16 01:00,117851000.0,0.6003,0.5257,0.6084,0.563,0.5781,2026-05-08T01:09:19.157019+09:00,2026-05-08T01:09:47.764507+09:00,2026-04-17T15:16:09.917397+09:00,Range,42.62,24.09,82.0,True,3.6,0.0,,0.0,0.0,-0.9919,0.1689,-1.7123,,,,0.3922,,2026-05-08T01:09:47.351812+09:00,BUY,SKIP,-0.8299,-0.9919,,0.4065,regime,score_fail
2026-05-16 05:00,117840000.0,0.7643,0.5522,0.396,0.6582,0.5708,2026-05-08T01:09:19.157019+09:00,2026-05-08T01:09:47.764507+09:00,2026-04-17T15:16:09.917397+09:00,Range,42.57,23.73,66.0,True,4.4,0.0,,0.0,0.0,-1.2084,0.1782,-1.7032,,,,0.5733,,2026-05-08T01:09:47.351812+09:00,BUY,BUY,-1.1091,-1.2084,,0.4161,regime,score_fail
2026-05-16 09:00,117686000.0,0.6173,0.4858,0.5656,0.5515,0.5562,2026-05-08T01:09:19.157019+09:00,2026-05-08T01:09:47.764507+09:00,2026-04-17T15:16:09.917397+09:00,Range,41.7,23.64,54.0,True,4.6,0.0,,0.0,0.0,-0.9653,0.1232,-1.5745,,,,0.4953,,2026-05-08T01:09:47.351812+09:00,BUY,SKIP,-0.8421,-0.9653,,0.4409,regime,score_fail
2026-05-16 13:00,117784000.0,0.7079,0.498,0.4396,0.6029,0.5485,2026-05-08T01:09:19.157019+09:00,2026-05-08T01:09:47.764507+09:00,2026-04-17T15:16:09.917397+09:00,Range,42.36,23.2,43.0,True,4.6,0.0,,0.0,0.0,-0.6121,-0.4967,-1.6564,,,,0.4959,,2026-05-08T01:09:47.351812+09:00,BUY,SKIP,-0.928,-0.6121,,0.5212,regime,score_fail
2026-05-16 17:00,116873000.0,0.7944,0.4486,0.8689,0.6215,0.704,2026-05-08T01:09:19.157019+09:00,2026-05-08T01:09:47.764507+09:00,2026-04-17T15:16:09.917397+09:00,Range,37.4,24.45,43.0,True,4.6,0.0,,0.0,,,,,,,,0.4463,,2026-05-08T01:09:47.351812+09:00,BUY,SKIP,-0.1634,,,0.5218,regime,score_fail
2026-05-16 21:00,116533000.0,0.5176,0.4444,0.4436,0.481,0.4686,2026-05-08T01:09:19.157019+09:00,2026-05-08T01:09:47.764507+09:00,2026-04-17T15:16:09.917397+09:00,Range,35.71,26.04,46.0,False,4.2,,,0.0,,,,,,,,0.3288,,2026-05-08T01:09:47.351812+09:00,SKIP,SKIP,-0.1004,,,0.5218,fail,ai_gate_fail
2026-05-17 01:00,116695000.0,0.5668,0.3652,0.5719,0.466,0.5013,2026-05-08T01:09:19.157019+09:00,2026-05-08T01:09:47.764507+09:00,2026-04-17T15:16:09.917397+09:00,Range,37.12,26.95,40.0,True,4.2,0.0,,0.0,,,,,,,,0.3452,,2026-05-08T01:09:47.351812+09:00,BUY,SKIP,-0.1243,,,0.5403,regime,score_fail
2026-05-17 05:00,116691000.0,0.2577,0.324,0.6442,0.2908,0.4086,2026-05-08T01:09:19.157019+09:00,2026-05-08T01:09:47.764507+09:00,2026-04-17T15:16:09.917397+09:00,Trend_Down,37.53,27.57,34.0,,3.4,,,0.0,,,,,,,,0.345,,2026-05-08T01:09:47.351812+09:00,SKIP,SKIP,0.3188,,,,,trend_down_block
2026-05-17 09:00,116682000.0,0.2087,0.3372,0.617,0.273,0.3877,2026-05-08T01:09:19.157019+09:00,2026-05-08T01:09:47.764507+09:00,2026-04-17T15:16:09.917397+09:00,Trend_Down,37.49,28.21,18.0,,3.4,,,0.0,,,,,,,,0.3278,,2026-05-08T01:09:47.351812+09:00,SKIP,SKIP,,,,,,trend_down_block
2026-05-17 13:00,116416000.0,0.2033,0.3309,0.5599,0.2671,0.3647,2026-05-08T01:09:19.157019+09:00,2026-05-08T01:09:47.764507+09:00,2026-04-17T15:16:09.917397+09:00,Trend_Down,36.04,29.69,18.0,,3.4,,,0.0,,,,,,,,0.3474,,2026-05-08T01:09:47.351812+09:00,SKIP,SKIP,,,,,,trend_down_block
2026-05-17 17:00,116550000.0,0.2445,0.3518,0.4238,0.2982,0.3401,2026-05-08T01:09:19.157019+09:00,2026-05-08T01:09:47.764507+09:00,2026-04-17T15:16:09.917397+09:00,Trend_Down,37.49,30.64,13.0,,3.4,,,0.0,,,,,,,,0.3868,,2026-05-08T01:09:47.351812+09:00,SKIP,SKIP,,,,,,trend_down_block
2026-05-17 21:00,117063000.0,0.1763,0.3883,0.4976,0.2823,0.3541,2026-05-08T01:09:19.157019+09:00,2026-05-08T01:09:47.764507+09:00,2026-04-17T15:16:09.917397+09:00,Trend_Down,42.8,30.05,11.0,,3.4,,,0.0,,,,,,,,0.3865,,2026-05-08T01:09:47.351812+09:00,SKIP,SKIP,,,,,,trend_down_block
